{
  "appPageId" : "2199ef25-89a9-44a1-ad69-7cb8bd918245",
  "componentName" : "siteforce:sldsOneColLayout",
  "id" : "89618a7c-6e1a-47b4-9362-a9d78c5d0713",
  "label" : "Home",
  "regions" : [ {
    "id" : "d8091b67-36dc-4243-8dfc-4a68d001c402",
    "regionName" : "header",
    "type" : "region"
  }, {
    "components" : [ {
      "componentAttributes" : {
        "richTextValue" : "<p><span style=\"font-size: 36px;\">Quantic Examples</span></p><p><br></p><p><span style=\"font-size: 24px;\">Typical Use Cases</span></p><p><br></p><ul><li><a href=\"full-search-example\" rel=\"noopener noreferrer\" target=\"_self\" style=\"font-size: 16px;\">Full Search</a></li><li><a href=\"insight-panel-example\" rel=\"noopener noreferrer\" target=\"_self\" style=\"font-size: 16px;\">Insight Panel</a></li></ul><p><br></p><p><span style=\"font-size: 24px;\">Quantic Components</span></p><p><br></p><ul><li><a href=\"quantic-breadcrumb-manager\" rel=\"noopener noreferrer\" target=\"_self\" style=\"font-size: 16px;\">Quantic Breadcrumb Manager</a></li><li><a href=\"quantic-category-facet\" rel=\"noopener noreferrer\" target=\"_self\" style=\"font-size: 16px;\">Quantic Category Facet</a></li><li><a href=\"quantic-facet\" rel=\"noopener noreferrer\" target=\"_self\" style=\"font-size: 16px;\">Quantic Facet</a></li><li><a href=\"quantic-facet-manager\" rel=\"noopener noreferrer\" target=\"_self\" style=\"font-size: 16px;\">Quantic Facet Manager</a></li><li><a href=\"quantic-numeric-facet\" rel=\"noopener noreferrer\" target=\"_self\" style=\"font-size: 16px;\">Quantic Numeric Facet</a></li><li><a href=\"quantic-pager\" rel=\"noopener noreferrer\" target=\"_self\" style=\"font-size: 16px;\">Quantic Pager</a></li><li><a href=\"quantic-placeholder\" rel=\"noopener noreferrer\" target=\"_self\" style=\"font-size: 16px;\">Quantic Placeholder</a></li><li><a href=\"quantic-recent-queries-list\" rel=\"noopener noreferrer\" target=\"_self\" style=\"font-size: 16px;\">Quantic Recent Queries List</a></li><li><a href=\"quantic-recent-results-list\" rel=\"noopener noreferrer\" target=\"_self\" style=\"font-size: 16px;\">Quantic Recent Results List</a></li><li><a href=\"quantic-results-per-page\" rel=\"noopener noreferrer\" target=\"_self\" style=\"font-size: 16px;\">Quantic Results Per Page</a></li><li><a href=\"quantic-result-quickview\" rel=\"noopener noreferrer\" target=\"_self\" style=\"font-size: 16px;\">Quantic Result Quickview</a></li><li><a href=\"quantic-result-template\" rel=\"noopener noreferrer\" target=\"_self\" style=\"font-size: 16px;\">Quantic Result Template</a></li><li><a href=\"quantic-sort\" rel=\"noopener noreferrer\" target=\"_self\" style=\"font-size: 16px;\">Quantic Sort</a></li><li><a href=\"quantic-standalone-search-box\" rel=\"noopener noreferrer\" target=\"_self\" style=\"font-size: 16px;\">Quantic Standalone Search Box</a></li><li><a href=\"quantic-summary\" rel=\"noopener noreferrer\" target=\"_self\" style=\"font-size: 16px;\">Quantic Summary</a></li><li><a href=\"quantic-tab\" rel=\"noopener noreferrer\" target=\"_self\" style=\"font-size: 16px;\">Quantic Tab</a></li><li><a href=\"quantic-result-list\" rel=\"noopener noreferrer\" target=\"_self\" style=\"font-size: 16px;\">Quantic Result List</a></li><li><a href=\"quantic-timeframe-facet\" rel=\"noopener noreferrer\" target=\"_self\" style=\"font-size: 16px;\">Quantic Timeframe Facet</a></li><li><a href=\"quantic-case-classification\" rel=\"noopener noreferrer\" target=\"_self\" style=\"font-size: 16px;\">Quantic Case Classification</a></li><li><a href=\"quantic-document-suggestion\" rel=\"noopener noreferrer\" target=\"_self\" style=\"font-size: 16px;\">Quantic Document Suggestion</a></li><li><a href=\"quantic-modal\" rel=\"noopener noreferrer\" target=\"_blank\" style=\"font-size: 16px;\">Quantic Modal</a></li><li><a href=\"quantic-refine-modal-content\" rel=\"noopener noreferrer\" target=\"_self\" style=\"font-size: 16px;\">Quantic Refine Modal Content</a></li><li><a href=\"quantic-refine-toggle\" rel=\"noopener noreferrer\" target=\"_self\" style=\"font-size: 16px;\">Quantic Refine Toggle</a></li><li><a href=\"quantic-tab-bar\" rel=\"noopener noreferrer\" target=\"_self\" style=\"font-size: 16px;\">Quantic Tab Bar</a></li><li><a href=\"quantic-aria-live\" rel=\"noopener noreferrer\" target=\"_self\" style=\"font-size: 16px;\">Quantic Aria Live</a></li><li><a href=\"quantic-result-copy-to-clipboard\" rel=\"noopener noreferrer\" target=\"_blank\" style=\"font-size: 16px;\">Q</a><a href=\"quantic-result-copy-to-clipboard\" rel=\"noopener noreferrer\" target=\"_self\" style=\"font-size: 16px;\">uantic Copy To Clipboard</a></li></ul>"
      },
      "componentName" : "forceCommunity:richTextInline",
      "id" : "1c5c28a3-9570-4c6c-abf9-52ad1b26582a",
      "renderPriority" : "NEUTRAL",
      "renditionMap" : { },
      "type" : "component"
    } ],
    "id" : "070a6d25-f7b3-4b09-87c7-a7e234337ef5",
    "regionName" : "content",
    "type" : "region"
  }, {
    "id" : "51b9de18-ffe2-4eeb-96b6-355df96ee543",
    "regionName" : "footer",
    "type" : "region"
  }, {
    "components" : [ {
      "componentAttributes" : {
        "customHeadTags" : "",
        "description" : "",
        "title" : "Home"
      },
      "componentName" : "forceCommunity:seoAssistant",
      "id" : "4b901ac4-6c75-488b-85de-38ce1fcd0047",
      "renditionMap" : { },
      "type" : "component"
    } ],
    "id" : "831e107e-3173-4443-ae9f-70ea7cfef43c",
    "regionName" : "sfdcHiddenRegion",
    "type" : "region"
  } ],
  "themeLayoutType" : "Inner",
  "type" : "view",
  "viewType" : "home"
}