{
  "appPageId" : "2199ef25-89a9-44a1-ad69-7cb8bd918245",
  "componentName" : "siteforce:dynamicLayout",
  "id" : "e9f0d009-989b-4ef9-827e-9cc369d35bf0",
  "label" : "Quantic Case Classification",
  "regions" : [ {
    "components" : [ {
      "componentAttributes" : {
        "background" : "background: rgba(0,0,0,0)",
        "backgroundOverlay" : "rgba(0,0,0,0.5)",
        "contentAreaWidth" : 100,
        "sectionConfig" : {
          "UUID" : "d3bed26f-8fc7-4d7f-b142-f9e9b82b1407",
          "columns" : [ {
            "UUID" : "d08c218d-008a-4e77-981a-30f904fe335a",
            "columnKey" : "1",
            "columnName" : "Column 1",
            "columnWidth" : "12",
            "seedComponents" : [ ]
          } ]
        },
        "sectionHeight" : 300
      },
      "componentName" : "forceCommunity:section",
      "id" : "d3bed26f-8fc7-4d7f-b142-f9e9b82b1407",
      "regions" : [ {
        "components" : [ {
          "componentAttributes" : { },
          "componentName" : "c:exampleQuanticCaseClassification",
          "id" : "f6108511-5d05-4302-9c99-2dca46ec0c85",
          "renderPriority" : "NEUTRAL",
          "renditionMap" : { },
          "type" : "component"
        } ],
        "id" : "d08c218d-008a-4e77-981a-30f904fe335a",
        "regionLabel" : "Column 1",
        "regionName" : "1",
        "renditionMap" : { },
        "type" : "region"
      } ],
      "renderPriority" : "NEUTRAL",
      "renditionMap" : { },
      "type" : "component"
    } ],
    "id" : "50716062-4ec4-47e2-b9ab-4fb33fa697bd",
    "regionName" : "content",
    "type" : "region"
  }, {
    "components" : [ {
      "componentAttributes" : {
        "customHeadTags" : "",
        "description" : "",
        "title" : "Quantic Case Classification"
      },
      "componentName" : "forceCommunity:seoAssistant",
      "id" : "bbc6091e-04d0-4878-a9bc-92a7ab0dd426",
      "renditionMap" : { },
      "type" : "component"
    } ],
    "id" : "35709437-3a47-4dc5-b912-57b22721fdf6",
    "regionName" : "sfdcHiddenRegion",
    "type" : "region"
  } ],
  "themeLayoutType" : "Inner",
  "type" : "view",
  "viewType" : "custom-quantic-case-classification"
}