{
  "appPageId" : "2199ef25-89a9-44a1-ad69-7cb8bd918245",
  "componentName" : "siteforce:sldsOneColLayout",
  "id" : "e92b616d-2135-4e9a-b39a-7a8abfb3e216",
  "label" : "Service Not Available",
  "regions" : [ {
    "components" : [ {
      "componentAttributes" : {
        "richTextValue" : "<div style='display: flex; align-items: center; flex-direction: column; margin: 60px 25px 40px 25px;'><div style='background: url(/sfsites/assets/Images/serviceNotAvailable/serviceNotAvailable.svg) center no-repeat; background-size: contain; height: 331px; width: 100%; max-width: 538px;'></div></div><div style='margin: 0 25px; text-align: center;'><h1><b style='font-size: 2em'>Looks like the site is temporarily unavailable</b></h1><br/><p><span style='font-size: 1.5em;'>Please try again in a bit.</span></p></div>"
      },
      "componentName" : "forceCommunity:htmlBlock",
      "id" : "248b2d93-528c-4839-ba5e-ab047aa07f23",
      "renderPriority" : "NEUTRAL",
      "renditionMap" : { },
      "type" : "component"
    } ],
    "id" : "1c85307a-1417-490e-b025-2acafdaf846e",
    "regionName" : "content",
    "type" : "region"
  } ],
  "themeLayoutType" : "ServiceNotAvailable",
  "type" : "view",
  "viewType" : "service-not-available"
}