{
  "appPageId" : "2199ef25-89a9-44a1-ad69-7cb8bd918245",
  "componentName" : "siteforce:sldsOneColLayout",
  "id" : "b46fb524-c7de-49e4-82af-bace3e268bef",
  "label" : "Too Many Requests",
  "regions" : [ {
    "components" : [ {
      "componentAttributes" : {
        "richTextValue" : "<div style='display: flex; align-items: center; flex-direction: column; margin: 60px 25px 30px 25px;'><div style='background-image: url(/sfsites/assets/Images/tooManyRequests/tooManyRequests.svg); background-size: contain; height: 350px; width: 100%; background-repeat: no-repeat; background-position: center;'></div></div><div style='margin: 0 25px; text-align: center;'><h1 class='slds-text-heading_large'>Looks like the site is experiencing higher than usual demand…</h1><p class='slds-text-heading_small'>Don't go anywhere. We'll redirect you in a moment.</p></div>"
      },
      "componentName" : "forceCommunity:htmlBlock",
      "id" : "049bebb4-d67b-46f1-8145-6718361524a9",
      "renderPriority" : "NEUTRAL",
      "renditionMap" : { },
      "type" : "component"
    }, {
      "componentAttributes" : { },
      "componentName" : "forceCommunity:autoRefresh",
      "id" : "75d6c311-fe23-4b38-8b55-22428d51db97",
      "renderPriority" : "NEUTRAL",
      "renditionMap" : { },
      "type" : "component"
    } ],
    "id" : "eddd364b-560d-48ba-96f7-bc3536ceda92",
    "regionName" : "content",
    "type" : "region"
  } ],
  "themeLayoutType" : "ServiceNotAvailable",
  "type" : "view",
  "viewType" : "too-many-requests"
}